Kmer,Frequency,Normalized Frequency,Organism
ttga,11294,0.005210373320895609,Helicobacter pylori
ttga,15,6.920099151180638e-06,Neisseria gonorrhoeae
gtag,3325,0.0015339553118450414,Helicobacter pylori
gtag,4,1.8453597736481702e-06,Neisseria gonorrhoeae
gcct,10213,0.00471166484206719,Helicobacter pylori
gcct,21,9.688138811652893e-06,Neisseria gonorrhoeae
gacg,11680,0.005388450539052657,Helicobacter pylori
gacg,10,4.613399434120425e-06,Neisseria gonorrhoeae
ttta,8397,0.003873871504830921,Helicobacter pylori
ttta,11,5.074739377532468e-06,Neisseria gonorrhoeae
-aca,0,0.0,Helicobacter pylori
-aca,3,1.3840198302361275e-06,Neisseria gonorrhoeae
ggat,8976,0.004140987332066494,Helicobacter pylori
ggat,11,5.074739377532468e-06,Neisseria gonorrhoeae
tcat,6947,0.0032049285868834595,Helicobacter pylori
tcat,8,3.6907195472963404e-06,Neisseria gonorrhoeae
-tag,0,0.0,Helicobacter pylori
-tag,2,9.226798868240851e-07,Neisseria gonorrhoeae
tt--,0,0.0,Helicobacter pylori
tt--,17,7.842779038004723e-06,Neisseria gonorrhoeae
gaca,7798,0.0035975288787271076,Helicobacter pylori
gaca,4,1.8453597736481702e-06,Neisseria gonorrhoeae
-gtc,0,0.0,Helicobacter pylori
-gtc,5,2.3066997170602126e-06,Neisseria gonorrhoeae
tgcc,18968,0.008750696046639623,Helicobacter pylori
tgcc,31,1.4301538245773319e-05,Neisseria gonorrhoeae
cgtc,11494,0.005302641309578017,Helicobacter pylori
cgtc,10,4.613399434120425e-06,Neisseria gonorrhoeae
taat,5500,0.002537369688766234,Helicobacter pylori
taat,5,2.3066997170602126e-06,Neisseria gonorrhoeae
agt-,0,0.0,Helicobacter pylori
agt-,3,1.3840198302361275e-06,Neisseria gonorrhoeae
gg--,0,0.0,Helicobacter pylori
gg--,17,7.842779038004723e-06,Neisseria gonorrhoeae
-acc,0,0.0,Helicobacter pylori
-acc,5,2.3066997170602126e-06,Neisseria gonorrhoeae
-aaa,0,0.0,Helicobacter pylori
-aaa,8,3.6907195472963404e-06,Neisseria gonorrhoeae
-cca,0,0.0,Helicobacter pylori
-cca,5,2.3066997170602126e-06,Neisseria gonorrhoeae
gtta,3973,0.001832903595176045,Helicobacter pylori
gtta,4,1.8453597736481702e-06,Neisseria gonorrhoeae
gctt,11297,0.005211757340725844,Helicobacter pylori
gctt,29,1.3378858358949234e-05,Neisseria gonorrhoeae
gttg,10811,0.0049875461282275916,Helicobacter pylori
gttg,13,5.997419264356553e-06,Neisseria gonorrhoeae
gagc,4479,0.0020663416065425386,Helicobacter pylori
gagc,5,2.3066997170602126e-06,Neisseria gonorrhoeae
gaaa,16452,0.007589964749014924,Helicobacter pylori
gaaa,18,8.304118981416766e-06,Neisseria gonorrhoeae
--gg,0,0.0,Helicobacter pylori
--gg,15,6.920099151180638e-06,Neisseria gonorrhoeae
-act,0,0.0,Helicobacter pylori
-act,1,4.6133994341204254e-07,Neisseria gonorrhoeae
acaa,9103,0.004199577504879823,Helicobacter pylori
acaa,13,5.997419264356553e-06,Neisseria gonorrhoeae
tga-,0,0.0,Helicobacter pylori
tga-,6,2.768039660472255e-06,Neisseria gonorrhoeae
-ttg,0,0.0,Helicobacter pylori
-ttg,10,4.613399434120425e-06,Neisseria gonorrhoeae
caac,10064,0.004642925190498796,Helicobacter pylori
caac,10,4.613399434120425e-06,Neisseria gonorrhoeae
tgtg,5366,0.00247555013634902,Helicobacter pylori
tgtg,10,4.613399434120425e-06,Neisseria gonorrhoeae
tcc-,0,0.0,Helicobacter pylori
tcc-,2,9.226798868240851e-07,Neisseria gonorrhoeae
attc,7674,0.0035403227257440146,Helicobacter pylori
attc,8,3.6907195472963404e-06,Neisseria gonorrhoeae
--cc,0,0.0,Helicobacter pylori
--cc,11,5.074739377532468e-06,Neisseria gonorrhoeae
ctgt,6935,0.003199392507562515,Helicobacter pylori
ctgt,24,1.107215864188902e-05,Neisseria gonorrhoeae
aca-,0,0.0,Helicobacter pylori
aca-,5,2.3066997170602126e-06,Neisseria gonorrhoeae
gca-,0,0.0,Helicobacter pylori
gca-,6,2.768039660472255e-06,Neisseria gonorrhoeae
ctca,3385,0.001561635708449764,Helicobacter pylori
ctca,8,3.6907195472963404e-06,Neisseria gonorrhoeae
---g,0,0.0,Helicobacter pylori
---g,66,3.0448436265194808e-05,Neisseria gonorrhoeae
actc,2812,0.0012972879208746637,Helicobacter pylori
actc,9,4.152059490708383e-06,Neisseria gonorrhoeae
aata,8778,0.0040496420232709095,Helicobacter pylori
aata,9,4.152059490708383e-06,Neisseria gonorrhoeae
ccac,5586,0.0025770449238996696,Helicobacter pylori
ccac,8,3.6907195472963404e-06,Neisseria gonorrhoeae
aatg,9027,0.004164515669180508,Helicobacter pylori
aatg,6,2.768039660472255e-06,Neisseria gonorrhoeae
taag,3266,0.001506736255183731,Helicobacter pylori
taag,5,2.3066997170602126e-06,Neisseria gonorrhoeae
ggaa,11621,0.005361231482391347,Helicobacter pylori
ggaa,18,8.304118981416766e-06,Neisseria gonorrhoeae
ggg-,0,0.0,Helicobacter pylori
ggg-,4,1.8453597736481702e-06,Neisseria gonorrhoeae
aaca,10509,0.004848221465317155,Helicobacter pylori
aaca,16,7.381439094592681e-06,Neisseria gonorrhoeae
-gat,0,0.0,Helicobacter pylori
-gat,2,9.226798868240851e-07,Neisseria gonorrhoeae
caag,7900,0.003644585552955136,Helicobacter pylori
caag,17,7.842779038004723e-06,Neisseria gonorrhoeae
ttgc,15267,0.007043276916071654,Helicobacter pylori
ttgc,21,9.688138811652893e-06,Neisseria gonorrhoeae
tgtc,7969,0.003676418009050567,Helicobacter pylori
tgtc,12,5.53607932094451e-06,Neisseria gonorrhoeae
accg,12739,0.00587700953912601,Helicobacter pylori
accg,7,3.229379603884298e-06,Neisseria gonorrhoeae
tgaa,11292,0.005209450641008784,Helicobacter pylori
tgaa,10,4.613399434120425e-06,Neisseria gonorrhoeae
acat,5975,0.002756506161886954,Helicobacter pylori
acat,8,3.6907195472963404e-06,Neisseria gonorrhoeae
-ata,0,0.0,Helicobacter pylori
-ata,6,2.768039660472255e-06,Neisseria gonorrhoeae
gaga,2740,0.0012640714449489966,Helicobacter pylori
gaga,4,1.8453597736481702e-06,Neisseria gonorrhoeae
--cg,0,0.0,Helicobacter pylori
--cg,10,4.613399434120425e-06,Neisseria gonorrhoeae
gac-,0,0.0,Helicobacter pylori
gac-,4,1.8453597736481702e-06,Neisseria gonorrhoeae
tcca,7641,0.0035250985076114173,Helicobacter pylori
tcca,17,7.842779038004723e-06,Neisseria gonorrhoeae
ccg-,0,0.0,Helicobacter pylori
ccg-,6,2.768039660472255e-06,Neisseria gonorrhoeae
gtc-,0,0.0,Helicobacter pylori
gtc-,4,1.8453597736481702e-06,Neisseria gonorrhoeae
ctcg,4737,0.0021853673119428454,Helicobacter pylori
ctcg,17,7.842779038004723e-06,Neisseria gonorrhoeae
atgt,6199,0.0028598463092112517,Helicobacter pylori
atgt,10,4.613399434120425e-06,Neisseria gonorrhoeae
----,0,0.0,Helicobacter pylori
----,2162642,0.9977131379005065,Neisseria gonorrhoeae
-cct,0,0.0,Helicobacter pylori
-cct,3,1.3840198302361275e-06,Neisseria gonorrhoeae
ccaa,12259,0.00565556636628823,Helicobacter pylori
ccaa,25,1.1533498585301064e-05,Neisseria gonorrhoeae
aaa-,0,0.0,Helicobacter pylori
aaa-,8,3.6907195472963404e-06,Neisseria gonorrhoeae
agat,4447,0.002051578728353353,Helicobacter pylori
agat,9,4.152059490708383e-06,Neisseria gonorrhoeae
-ttc,0,0.0,Helicobacter pylori
-ttc,8,3.6907195472963404e-06,Neisseria gonorrhoeae
agcg,7941,0.0036635004906350297,Helicobacter pylori
agcg,6,2.768039660472255e-06,Neisseria gonorrhoeae
gaag,10421,0.004807623550296895,Helicobacter pylori
gaag,12,5.53607932094451e-06,Neisseria gonorrhoeae
gact,3875,0.001787692280721665,Helicobacter pylori
gact,6,2.768039660472255e-06,Neisseria gonorrhoeae
tagc,2423,0.0011178266828873792,Helicobacter pylori
tagc,6,2.768039660472255e-06,Neisseria gonorrhoeae
gtgg,6056,0.0027938746973033297,Helicobacter pylori
gtgg,6,2.768039660472255e-06,Neisseria gonorrhoeae
-gaa,0,0.0,Helicobacter pylori
-gaa,9,4.152059490708383e-06,Neisseria gonorrhoeae
acgg,14193,0.00654779781684712,Helicobacter pylori
acgg,13,5.997419264356553e-06,Neisseria gonorrhoeae
ctga,8594,0.003964755473683094,Helicobacter pylori
ctga,16,7.381439094592681e-06,Neisseria gonorrhoeae
aac-,0,0.0,Helicobacter pylori
aac-,3,1.3840198302361275e-06,Neisseria gonorrhoeae
taga,2311,0.0010661566092252303,Helicobacter pylori
taga,2,9.226798868240851e-07,Neisseria gonorrhoeae
cgac,10712,0.0049418734738297995,Helicobacter pylori
cgac,6,2.768039660472255e-06,Neisseria gonorrhoeae
tgag,3690,0.001702344391190437,Helicobacter pylori
tgag,5,2.3066997170602126e-06,Neisseria gonorrhoeae
gagt,3076,0.0014190816659354428,Helicobacter pylori
gagt,3,1.3840198302361275e-06,Neisseria gonorrhoeae
ttcg,13964,0.006442150969805762,Helicobacter pylori
ttcg,30,1.3840198302361277e-05,Neisseria gonorrhoeae
tca-,0,0.0,Helicobacter pylori
tca-,3,1.3840198302361275e-06,Neisseria gonorrhoeae
aact,5672,0.002616720159033105,Helicobacter pylori
aact,14,6.458759207768596e-06,Neisseria gonorrhoeae
atct,4547,0.0020977127226945573,Helicobacter pylori
atct,8,3.6907195472963404e-06,Neisseria gonorrhoeae
gc--,0,0.0,Helicobacter pylori
gc--,26,1.1994838528713107e-05,Neisseria gonorrhoeae
-ggt,0,0.0,Helicobacter pylori
-ggt,1,4.6133994341204254e-07,Neisseria gonorrhoeae
aacc,11642,0.005370919621203,Helicobacter pylori
aacc,19,8.765458924828808e-06,Neisseria gonorrhoeae
tctc,2817,0.001299594620591724,Helicobacter pylori
tctc,11,5.074739377532468e-06,Neisseria gonorrhoeae
aagt,5886,0.0027154469069232824,Helicobacter pylori
aagt,12,5.53607932094451e-06,Neisseria gonorrhoeae
cttt,12228,0.005641264828042456,Helicobacter pylori
cttt,28,1.2917518415537192e-05,Neisseria gonorrhoeae
ctg-,0,0.0,Helicobacter pylori
ctg-,5,2.3066997170602126e-06,Neisseria gonorrhoeae
caga,6522,0.0030088591109333415,Helicobacter pylori
caga,3,1.3840198302361275e-06,Neisseria gonorrhoeae
ctct,2518,0.001161653977511523,Helicobacter pylori
ctct,19,8.765458924828808e-06,Neisseria gonorrhoeae
tat-,0,0.0,Helicobacter pylori
tat-,3,1.3840198302361275e-06,Neisseria gonorrhoeae
cata,6129,0.0028275525131724088,Helicobacter pylori
cata,5,2.3066997170602126e-06,Neisseria gonorrhoeae
--tt,0,0.0,Helicobacter pylori
--tt,33,1.5224218132597404e-05,Neisseria gonorrhoeae
ata-,0,0.0,Helicobacter pylori
ata-,2,9.226798868240851e-07,Neisseria gonorrhoeae
tcga,8919,0.004114690955292008,Helicobacter pylori
tcga,7,3.229379603884298e-06,Neisseria gonorrhoeae
tccc,5796,0.0026739263120161985,Helicobacter pylori
tccc,15,6.920099151180638e-06,Neisseria gonorrhoeae
ggtc,6269,0.0028921401052500947,Helicobacter pylori
ggtc,19,8.765458924828808e-06,Neisseria gonorrhoeae
c---,0,0.0,Helicobacter pylori
c---,84,3.875255524661157e-05,Neisseria gonorrhoeae
cgga,11745,0.00541843763537444,Helicobacter pylori
cgga,15,6.920099151180638e-06,Neisseria gonorrhoeae
ggac,6716,0.003098359059955278,Helicobacter pylori
ggac,3,1.3840198302361275e-06,Neisseria gonorrhoeae
---a,0,0.0,Helicobacter pylori
---a,59,2.721905666131051e-05,Neisseria gonorrhoeae
gcag,13218,0.006097991372020379,Helicobacter pylori
gcag,11,5.074739377532468e-06,Neisseria gonorrhoeae
gctc,4278,0.001973612277916718,Helicobacter pylori
gctc,33,1.5224218132597404e-05,Neisseria gonorrhoeae
-ctc,0,0.0,Helicobacter pylori
-ctc,5,2.3066997170602126e-06,Neisseria gonorrhoeae
tccg,11413,0.005265272774161642,Helicobacter pylori
tccg,14,6.458759207768596e-06,Neisseria gonorrhoeae
cgtg,7374,0.003401920742720402,Helicobacter pylori
cgtg,10,4.613399434120425e-06,Neisseria gonorrhoeae
tctt,7886,0.0036381267937473675,Helicobacter pylori
tctt,24,1.107215864188902e-05,Neisseria gonorrhoeae
atgg,7331,0.003382083125153684,Helicobacter pylori
atgg,7,3.229379603884298e-06,Neisseria gonorrhoeae
tag-,0,0.0,Helicobacter pylori
tag-,3,1.3840198302361275e-06,Neisseria gonorrhoeae
aaaa,23692,0.010930065939318112,Helicobacter pylori
aaaa,37,1.7069577906245575e-05,Neisseria gonorrhoeae
cgct,7986,0.003684260788088572,Helicobacter pylori
cgct,28,1.2917518415537192e-05,Neisseria gonorrhoeae
caca,5016,0.002314081156154805,Helicobacter pylori
caca,8,3.6907195472963404e-06,Neisseria gonorrhoeae
gtaa,5952,0.002745895343188477,Helicobacter pylori
gtaa,6,2.768039660472255e-06,Neisseria gonorrhoeae
cctt,8820,0.0040690183008942156,Helicobacter pylori
cctt,11,5.074739377532468e-06,Neisseria gonorrhoeae
-tat,0,0.0,Helicobacter pylori
-tat,4,1.8453597736481702e-06,Neisseria gonorrhoeae
-gag,0,0.0,Helicobacter pylori
-gag,1,4.6133994341204254e-07,Neisseria gonorrhoeae
cagt,5176,0.002387895547100732,Helicobacter pylori
cagt,6,2.768039660472255e-06,Neisseria gonorrhoeae
ctgg,4459,0.0020571148076742977,Helicobacter pylori
ctgg,8,3.6907195472963404e-06,Neisseria gonorrhoeae
ctgc,13158,0.006070310975415656,Helicobacter pylori
ctgc,50,2.306699717060213e-05,Neisseria gonorrhoeae
tgat,9070,0.004184353286747226,Helicobacter pylori
tgat,14,6.458759207768596e-06,Neisseria gonorrhoeae
cgcg,16762,0.007732980131472657,Helicobacter pylori
cgcg,15,6.920099151180638e-06,Neisseria gonorrhoeae
agtc,3797,0.0017517077651355256,Helicobacter pylori
agtc,7,3.229379603884298e-06,Neisseria gonorrhoeae
gcg-,0,0.0,Helicobacter pylori
gcg-,8,3.6907195472963404e-06,Neisseria gonorrhoeae
t---,0,0.0,Helicobacter pylori
t---,54,2.49123569442503e-05,Neisseria gonorrhoeae
caa-,0,0.0,Helicobacter pylori
caa-,5,2.3066997170602126e-06,Neisseria gonorrhoeae
ttct,6817,0.003144954394239894,Helicobacter pylori
ttct,22,1.0149478755064935e-05,Neisseria gonorrhoeae
tcct,5257,0.0024252640825171076,Helicobacter pylori
tcct,4,1.8453597736481702e-06,Neisseria gonorrhoeae
ttgg,12514,0.0057732080518583,Helicobacter pylori
ttgg,30,1.3840198302361277e-05,Neisseria gonorrhoeae
ccga,14432,0.006658058063322598,Helicobacter pylori
ccga,9,4.152059490708383e-06,Neisseria gonorrhoeae
aatc,12231,0.005642648847872692,Helicobacter pylori
aatc,20,9.22679886824085e-06,Neisseria gonorrhoeae
ctt-,0,0.0,Helicobacter pylori
ctt-,1,4.6133994341204254e-07,Neisseria gonorrhoeae
acga,7259,0.0033488666492280167,Helicobacter pylori
acga,4,1.8453597736481702e-06,Neisseria gonorrhoeae
-caa,0,0.0,Helicobacter pylori
-caa,8,3.6907195472963404e-06,Neisseria gonorrhoeae
gtgt,6039,0.002786031918265325,Helicobacter pylori
gtgt,12,5.53607932094451e-06,Neisseria gonorrhoeae
tgc-,0,0.0,Helicobacter pylori
tgc-,5,2.3066997170602126e-06,Neisseria gonorrhoeae
--ca,0,0.0,Helicobacter pylori
--ca,16,7.381439094592681e-06,Neisseria gonorrhoeae
ggga,5995,0.002765732960755195,Helicobacter pylori
ggga,11,5.074739377532468e-06,Neisseria gonorrhoeae
--at,0,0.0,Helicobacter pylori
--at,16,7.381439094592681e-06,Neisseria gonorrhoeae
gcaa,14622,0.006745712652570886,Helicobacter pylori
gcaa,20,9.22679886824085e-06,Neisseria gonorrhoeae
aacg,11601,0.005352004683523106,Helicobacter pylori
aacg,15,6.920099151180638e-06,Neisseria gonorrhoeae
gacc,5892,0.0027182149465837546,Helicobacter pylori
gacc,4,1.8453597736481702e-06,Neisseria gonorrhoeae
atcc,8562,0.003949992595493908,Helicobacter pylori
atcc,14,6.458759207768596e-06,Neisseria gonorrhoeae
gaa-,0,0.0,Helicobacter pylori
gaa-,6,2.768039660472255e-06,Neisseria gonorrhoeae
ctat,3611,0.0016658985356608855,Helicobacter pylori
ctat,16,7.381439094592681e-06,Neisseria gonorrhoeae
ggc-,0,0.0,Helicobacter pylori
ggc-,8,3.6907195472963404e-06,Neisseria gonorrhoeae
gcat,10314,0.004758260176351807,Helicobacter pylori
gcat,14,6.458759207768596e-06,Neisseria gonorrhoeae
-gtg,0,0.0,Helicobacter pylori
-gtg,4,1.8453597736481702e-06,Neisseria gonorrhoeae
acac,5635,0.0025996505811268595,Helicobacter pylori
acac,8,3.6907195472963404e-06,Neisseria gonorrhoeae
-gcg,0,0.0,Helicobacter pylori
-gcg,5,2.3066997170602126e-06,Neisseria gonorrhoeae
tacg,6504,0.0030005549919519246,Helicobacter pylori
tacg,11,5.074739377532468e-06,Neisseria gonorrhoeae
atgc,10874,0.005016610544662551,Helicobacter pylori
atgc,18,8.304118981416766e-06,Neisseria gonorrhoeae
ttac,5605,0.0025858103828244982,Helicobacter pylori
ttac,10,4.613399434120425e-06,Neisseria gonorrhoeae
atag,3426,0.0015805506461296578,Helicobacter pylori
atag,8,3.6907195472963404e-06,Neisseria gonorrhoeae
aatt,8617,0.0039753662923815705,Helicobacter pylori
aatt,13,5.997419264356553e-06,Neisseria gonorrhoeae
gccg,26111,0.012046047262431843,Helicobacter pylori
gccg,27,1.245617847212515e-05,Neisseria gonorrhoeae
ccta,2630,0.0012133240511736719,Helicobacter pylori
ccta,11,5.074739377532468e-06,Neisseria gonorrhoeae
cagg,10542,0.004863445683449753,Helicobacter pylori
cagg,12,5.53607932094451e-06,Neisseria gonorrhoeae
taca,4277,0.001973150937973306,Helicobacter pylori
taca,13,5.997419264356553e-06,Neisseria gonorrhoeae
ttca,11239,0.005184999624007946,Helicobacter pylori
ttca,17,7.842779038004723e-06,Neisseria gonorrhoeae
-att,0,0.0,Helicobacter pylori
-att,3,1.3840198302361275e-06,Neisseria gonorrhoeae
tcag,8690,0.0040090441082506496,Helicobacter pylori
tcag,11,5.074739377532468e-06,Neisseria gonorrhoeae
-tga,0,0.0,Helicobacter pylori
-tga,2,9.226798868240851e-07,Neisseria gonorrhoeae
tata,3991,0.0018412077141574618,Helicobacter pylori
tata,3,1.3840198302361275e-06,Neisseria gonorrhoeae
gtca,6191,0.0028561555896639552,Helicobacter pylori
gtca,4,1.8453597736481702e-06,Neisseria gonorrhoeae
tttt,24287,0.011204563205648277,Helicobacter pylori
tttt,27,1.245617847212515e-05,Neisseria gonorrhoeae
-tcg,0,0.0,Helicobacter pylori
-tcg,5,2.3066997170602126e-06,Neisseria gonorrhoeae
cgt-,0,0.0,Helicobacter pylori
cgt-,2,9.226798868240851e-07,Neisseria gonorrhoeae
atga,7128,0.0032884311166410394,Helicobacter pylori
atga,6,2.768039660472255e-06,Neisseria gonorrhoeae
ccca,6569,0.0030305420882737076,Helicobacter pylori
ccca,8,3.6907195472963404e-06,Neisseria gonorrhoeae
gtac,4635,0.002138310637714817,Helicobacter pylori
gtac,7,3.229379603884298e-06,Neisseria gonorrhoeae
-tgt,0,0.0,Helicobacter pylori
-tgt,2,9.226798868240851e-07,Neisseria gonorrhoeae
ctac,3194,0.0014735197792580638,Helicobacter pylori
ctac,8,3.6907195472963404e-06,Neisseria gonorrhoeae
--ga,0,0.0,Helicobacter pylori
--ga,16,7.381439094592681e-06,Neisseria gonorrhoeae
attg,9206,0.004247095519051264,Helicobacter pylori
attg,16,7.381439094592681e-06,Neisseria gonorrhoeae
aaga,7710,0.003556930963706848,Helicobacter pylori
aaga,12,5.53607932094451e-06,Neisseria gonorrhoeae
tttc,16765,0.0077343641513028935,Helicobacter pylori
tttc,38,1.7530917849657616e-05,Neisseria gonorrhoeae
--tc,0,0.0,Helicobacter pylori
--tc,14,6.458759207768596e-06,Neisseria gonorrhoeae
-atg,0,0.0,Helicobacter pylori
-atg,4,1.8453597736481702e-06,Neisseria gonorrhoeae
gcca,8852,0.004083781179083401,Helicobacter pylori
gcca,13,5.997419264356553e-06,Neisseria gonorrhoeae
ttgt,9348,0.0043126057910157735,Helicobacter pylori
ttgt,12,5.53607932094451e-06,Neisseria gonorrhoeae
cacg,7257,0.0033479439693411927,Helicobacter pylori
cacg,8,3.6907195472963404e-06,Neisseria gonorrhoeae
ca--,0,0.0,Helicobacter pylori
ca--,15,6.920099151180638e-06,Neisseria gonorrhoeae
tgg-,0,0.0,Helicobacter pylori
tgg-,5,2.3066997170602126e-06,Neisseria gonorrhoeae
aa--,0,0.0,Helicobacter pylori
aa--,21,9.688138811652893e-06,Neisseria gonorrhoeae
gaat,7934,0.0036602711110311453,Helicobacter pylori
gaat,7,3.229379603884298e-06,Neisseria gonorrhoeae
--tg,0,0.0,Helicobacter pylori
--tg,18,8.304118981416766e-06,Neisseria gonorrhoeae
cct-,0,0.0,Helicobacter pylori
cct-,5,2.3066997170602126e-06,Neisseria gonorrhoeae
gatc,2297,0.0010596978500174617,Helicobacter pylori
gatc,1,4.6133994341204254e-07,Neisseria gonorrhoeae
tatt,8881,0.004097160037442349,Helicobacter pylori
tatt,15,6.920099151180638e-06,Neisseria gonorrhoeae
gaac,8406,0.0038780235643216298,Helicobacter pylori
gaac,14,6.458759207768596e-06,Neisseria gonorrhoeae
ggtt,12178,0.005618197830871854,Helicobacter pylori
ggtt,13,5.997419264356553e-06,Neisseria gonorrhoeae
-tta,0,0.0,Helicobacter pylori
-tta,4,1.8453597736481702e-06,Neisseria gonorrhoeae
tcta,2300,0.0010610818698476977,Helicobacter pylori
tcta,9,4.152059490708383e-06,Neisseria gonorrhoeae
at--,0,0.0,Helicobacter pylori
at--,14,6.458759207768596e-06,Neisseria gonorrhoeae
atg-,0,0.0,Helicobacter pylori
atg-,2,9.226798868240851e-07,Neisseria gonorrhoeae
ggcc,4566,0.0021064781816193864,Helicobacter pylori
ggcc,3,1.3840198302361275e-06,Neisseria gonorrhoeae
-tgc,0,0.0,Helicobacter pylori
-tgc,8,3.6907195472963404e-06,Neisseria gonorrhoeae
ttcc,11611,0.005356618082957226,Helicobacter pylori
ttcc,24,1.107215864188902e-05,Neisseria gonorrhoeae
tggt,7101,0.003275974938168914,Helicobacter pylori
tggt,13,5.997419264356553e-06,Neisseria gonorrhoeae
aaac,17114,0.007895371791553696,Helicobacter pylori
aaac,28,1.2917518415537192e-05,Neisseria gonorrhoeae
gcga,9898,0.004566342759892397,Helicobacter pylori
gcga,10,4.613399434120425e-06,Neisseria gonorrhoeae
-cac,0,0.0,Helicobacter pylori
-cac,3,1.3840198302361275e-06,Neisseria gonorrhoeae
acgc,10958,0.005055363099909162,Helicobacter pylori
acgc,19,8.765458924828808e-06,Neisseria gonorrhoeae
catc,11507,0.005308638728842374,Helicobacter pylori
catc,16,7.381439094592681e-06,Neisseria gonorrhoeae
cgaa,13571,0.00626084437204483,Helicobacter pylori
cgaa,10,4.613399434120425e-06,Neisseria gonorrhoeae
cgg-,0,0.0,Helicobacter pylori
cgg-,7,3.229379603884298e-06,Neisseria gonorrhoeae
-aac,0,0.0,Helicobacter pylori
-aac,6,2.768039660472255e-06,Neisseria gonorrhoeae
ccgc,20987,0.009682141392388537,Helicobacter pylori
ccgc,27,1.245617847212515e-05,Neisseria gonorrhoeae
ctc-,0,0.0,Helicobacter pylori
ctc-,10,4.613399434120425e-06,Neisseria gonorrhoeae
cacc,6260,0.0028879880457593865,Helicobacter pylori
cacc,6,2.768039660472255e-06,Neisseria gonorrhoeae
---c,0,0.0,Helicobacter pylori
---c,66,3.0448436265194808e-05,Neisseria gonorrhoeae
tcac,3253,0.0015007388359193745,Helicobacter pylori
tcac,3,1.3840198302361275e-06,Neisseria gonorrhoeae
cctg,10124,0.004670605587103519,Helicobacter pylori
cctg,23,1.0610818698476978e-05,Neisseria gonorrhoeae
-gac,0,0.0,Helicobacter pylori
-gac,4,1.8453597736481702e-06,Neisseria gonorrhoeae
aggg,5347,0.0024667846774241915,Helicobacter pylori
aggg,13,5.997419264356553e-06,Neisseria gonorrhoeae
ctag,547,0.0002523529490463873,Helicobacter pylori
ctag,8,3.6907195472963404e-06,Neisseria gonorrhoeae
acc-,0,0.0,Helicobacter pylori
acc-,2,9.226798868240851e-07,Neisseria gonorrhoeae
ta--,0,0.0,Helicobacter pylori
ta--,11,5.074739377532468e-06,Neisseria gonorrhoeae
tct-,0,0.0,Helicobacter pylori
tct-,2,9.226798868240851e-07,Neisseria gonorrhoeae
gata,7060,0.0032570600004890203,Helicobacter pylori
gata,15,6.920099151180638e-06,Neisseria gonorrhoeae
tgct,7183,0.0033138048135287015,Helicobacter pylori
tgct,31,1.4301538245773319e-05,Neisseria gonorrhoeae
aat-,0,0.0,Helicobacter pylori
aat-,4,1.8453597736481702e-06,Neisseria gonorrhoeae
cagc,11133,0.00513609759000627,Helicobacter pylori
cagc,15,6.920099151180638e-06,Neisseria gonorrhoeae
agca,7215,0.003328567691717887,Helicobacter pylori
agca,10,4.613399434120425e-06,Neisseria gonorrhoeae
agtg,3447,0.0015902387849413106,Helicobacter pylori
agtg,6,2.768039660472255e-06,Neisseria gonorrhoeae
cgat,11037,0.005091808955438713,Helicobacter pylori
cgat,11,5.074739377532468e-06,Neisseria gonorrhoeae
agg-,0,0.0,Helicobacter pylori
agg-,1,4.6133994341204254e-07,Neisseria gonorrhoeae
cggg,10956,0.005054440420022338,Helicobacter pylori
cggg,16,7.381439094592681e-06,Neisseria gonorrhoeae
agct,4396,0.002028050391239339,Helicobacter pylori
agct,13,5.997419264356553e-06,Neisseria gonorrhoeae
tta-,0,0.0,Helicobacter pylori
tta-,5,2.3066997170602126e-06,Neisseria gonorrhoeae
tttg,20485,0.009450548740795692,Helicobacter pylori
tttg,34,1.5685558076009446e-05,Neisseria gonorrhoeae
cg--,0,0.0,Helicobacter pylori
cg--,29,1.3378858358949234e-05,Neisseria gonorrhoeae
cta-,0,0.0,Helicobacter pylori
cta-,2,9.226798868240851e-07,Neisseria gonorrhoeae
g---,0,0.0,Helicobacter pylori
g---,75,3.460049575590319e-05,Neisseria gonorrhoeae
gcgc,17160,0.00791659342895065,Helicobacter pylori
gcgc,18,8.304118981416766e-06,Neisseria gonorrhoeae
tg--,0,0.0,Helicobacter pylori
tg--,21,9.688138811652893e-06,Neisseria gonorrhoeae
-aat,0,0.0,Helicobacter pylori
-aat,3,1.3840198302361275e-06,Neisseria gonorrhoeae
ccc-,0,0.0,Helicobacter pylori
ccc-,8,3.6907195472963404e-06,Neisseria gonorrhoeae
gtg-,0,0.0,Helicobacter pylori
gtg-,3,1.3840198302361275e-06,Neisseria gonorrhoeae
gtct,5683,0.0026217948984106378,Helicobacter pylori
gtct,16,7.381439094592681e-06,Neisseria gonorrhoeae
actt,5884,0.0027145242270364585,Helicobacter pylori
actt,5,2.3066997170602126e-06,Neisseria gonorrhoeae
cag-,0,0.0,Helicobacter pylori
cag-,4,1.8453597736481702e-06,Neisseria gonorrhoeae
cttg,7921,0.003654273691766789,Helicobacter pylori
cttg,16,7.381439094592681e-06,Neisseria gonorrhoeae
tatc,7104,0.0032773589579991502,Helicobacter pylori
tatc,17,7.842779038004723e-06,Neisseria gonorrhoeae
-tct,0,0.0,Helicobacter pylori
-tct,7,3.229379603884298e-06,Neisseria gonorrhoeae
aggc,10276,0.004740729258502149,Helicobacter pylori
aggc,10,4.613399434120425e-06,Neisseria gonorrhoeae
cca-,0,0.0,Helicobacter pylori
cca-,1,4.6133994341204254e-07,Neisseria gonorrhoeae
-ctg,0,0.0,Helicobacter pylori
-ctg,16,7.381439094592681e-06,Neisseria gonorrhoeae
gat-,0,0.0,Helicobacter pylori
gat-,3,1.3840198302361275e-06,Neisseria gonorrhoeae
gga-,0,0.0,Helicobacter pylori
gga-,1,4.6133994341204254e-07,Neisseria gonorrhoeae
atc-,0,0.0,Helicobacter pylori
atc-,7,3.229379603884298e-06,Neisseria gonorrhoeae
cctc,4122,0.0019016432467444393,Helicobacter pylori
cctc,2,9.226798868240851e-07,Neisseria gonorrhoeae
tact,2749,0.001268223504439705,Helicobacter pylori
tact,4,1.8453597736481702e-06,Neisseria gonorrhoeae
-cgc,0,0.0,Helicobacter pylori
-cgc,6,2.768039660472255e-06,Neisseria gonorrhoeae
gcgg,22504,0.010381994086544605,Helicobacter pylori
gcgg,28,1.2917518415537192e-05,Neisseria gonorrhoeae
gatt,12049,0.0055586849781717,Helicobacter pylori
gatt,13,5.997419264356553e-06,Neisseria gonorrhoeae
gtcc,6546,0.0030199312695752306,Helicobacter pylori
gtcc,7,3.229379603884298e-06,Neisseria gonorrhoeae
gagg,4737,0.0021853673119428454,Helicobacter pylori
gagg,0,0.0,Neisseria gonorrhoeae
ggct,9906,0.004570033479439693,Helicobacter pylori
ggct,30,1.3840198302361277e-05,Neisseria gonorrhoeae
tacc,6697,0.003089593601030449,Helicobacter pylori
tacc,8,3.6907195472963404e-06,Neisseria gonorrhoeae
ct--,0,0.0,Helicobacter pylori
ct--,11,5.074739377532468e-06,Neisseria gonorrhoeae
-tac,0,0.0,Helicobacter pylori
-tac,4,1.8453597736481702e-06,Neisseria gonorrhoeae
tagt,1885,0.0008696257933317002,Helicobacter pylori
tagt,6,2.768039660472255e-06,Neisseria gonorrhoeae
tatg,6092,0.002810482935266163,Helicobacter pylori
tatg,9,4.152059490708383e-06,Neisseria gonorrhoeae
acca,6829,0.0031504904735608387,Helicobacter pylori
acca,10,4.613399434120425e-06,Neisseria gonorrhoeae
cgc-,0,0.0,Helicobacter pylori
cgc-,7,3.229379603884298e-06,Neisseria gonorrhoeae
gcac,7355,0.0033931552837955727,Helicobacter pylori
gcac,8,3.6907195472963404e-06,Neisseria gonorrhoeae
taaa,8807,0.004063020881629859,Helicobacter pylori
taaa,9,4.152059490708383e-06,Neisseria gonorrhoeae
cc--,0,0.0,Helicobacter pylori
cc--,21,9.688138811652893e-06,Neisseria gonorrhoeae
tgcg,12731,0.005873318819578714,Helicobacter pylori
tgcg,27,1.245617847212515e-05,Neisseria gonorrhoeae
-gct,0,0.0,Helicobacter pylori
-gct,7,3.229379603884298e-06,Neisseria gonorrhoeae
ac--,0,0.0,Helicobacter pylori
ac--,13,5.997419264356553e-06,Neisseria gonorrhoeae
caat,9299,0.004290000133788584,Helicobacter pylori
caat,18,8.304118981416766e-06,Neisseria gonorrhoeae
-ctt,0,0.0,Helicobacter pylori
-ctt,5,2.3066997170602126e-06,Neisseria gonorrhoeae
ctaa,1910,0.0008811592919170013,Helicobacter pylori
ctaa,11,5.074739377532468e-06,Neisseria gonorrhoeae
cggt,13855,0.006391864915973849,Helicobacter pylori
cggt,19,8.765458924828808e-06,Neisseria gonorrhoeae
gcgt,11173,0.005154551187742751,Helicobacter pylori
gcgt,18,8.304118981416766e-06,Neisseria gonorrhoeae
tctg,6562,0.0030273127086698232,Helicobacter pylori
tctg,26,1.1994838528713107e-05,Neisseria gonorrhoeae
atcg,10992,0.005071048657985171,Helicobacter pylori
atcg,12,5.53607932094451e-06,Neisseria gonorrhoeae
agtt,5944,0.002742204623641181,Helicobacter pylori
agtt,8,3.6907195472963404e-06,Neisseria gonorrhoeae
-atc,0,0.0,Helicobacter pylori
-atc,3,1.3840198302361275e-06,Neisseria gonorrhoeae
agga,5572,0.002570586164691901,Helicobacter pylori
agga,2,9.226798868240851e-07,Neisseria gonorrhoeae
tgac,6320,0.002915668442364109,Helicobacter pylori
tgac,11,5.074739377532468e-06,Neisseria gonorrhoeae
ctta,3074,0.0014181589860486187,Helicobacter pylori
ctta,4,1.8453597736481702e-06,Neisseria gonorrhoeae
-ccg,0,0.0,Helicobacter pylori
-ccg,3,1.3840198302361275e-06,Neisseria gonorrhoeae
-taa,0,0.0,Helicobacter pylori
-taa,2,9.226798868240851e-07,Neisseria gonorrhoeae
gttc,8528,0.003934307037417898,Helicobacter pylori
gttc,17,7.842779038004723e-06,Neisseria gonorrhoeae
gggt,6035,0.0027841865584916766,Helicobacter pylori
gggt,13,5.997419264356553e-06,Neisseria gonorrhoeae
accc,5721,0.0026393258162602956,Helicobacter pylori
accc,11,5.074739377532468e-06,Neisseria gonorrhoeae
cac-,0,0.0,Helicobacter pylori
cac-,2,9.226798868240851e-07,Neisseria gonorrhoeae
-gta,0,0.0,Helicobacter pylori
-gta,3,1.3840198302361275e-06,Neisseria gonorrhoeae
ataa,7401,0.003414376921192527,Helicobacter pylori
ataa,5,2.3066997170602126e-06,Neisseria gonorrhoeae
-agc,0,0.0,Helicobacter pylori
-agc,3,1.3840198302361275e-06,Neisseria gonorrhoeae
cgtt,11728,0.005410594856336435,Helicobacter pylori
cgtt,20,9.22679886824085e-06,Neisseria gonorrhoeae
ttt-,0,0.0,Helicobacter pylori
ttt-,7,3.229379603884298e-06,Neisseria gonorrhoeae
gatg,12124,0.005593285473927604,Helicobacter pylori
gatg,15,6.920099151180638e-06,Neisseria gonorrhoeae
atta,5411,0.0024963104338025623,Helicobacter pylori
atta,6,2.768039660472255e-06,Neisseria gonorrhoeae
gct-,0,0.0,Helicobacter pylori
gct-,4,1.8453597736481702e-06,Neisseria gonorrhoeae
ttg-,0,0.0,Helicobacter pylori
ttg-,11,5.074739377532468e-06,Neisseria gonorrhoeae
catg,4288,0.0019782256773508383,Helicobacter pylori
catg,9,4.152059490708383e-06,Neisseria gonorrhoeae
cgca,11815,0.005450731431413283,Helicobacter pylori
cgca,15,6.920099151180638e-06,Neisseria gonorrhoeae
-ttt,0,0.0,Helicobacter pylori
-ttt,11,5.074739377532468e-06,Neisseria gonorrhoeae
gtcg,11109,0.005125025431364381,Helicobacter pylori
gtcg,22,1.0149478755064935e-05,Neisseria gonorrhoeae
ttc-,0,0.0,Helicobacter pylori
ttc-,3,1.3840198302361275e-06,Neisseria gonorrhoeae
tcaa,10963,0.005057669799626223,Helicobacter pylori
tcaa,21,9.688138811652893e-06,Neisseria gonorrhoeae
acta,1846,0.0008516335355386306,Helicobacter pylori
acta,4,1.8453597736481702e-06,Neisseria gonorrhoeae
-aag,0,0.0,Helicobacter pylori
-aag,5,2.3066997170602126e-06,Neisseria gonorrhoeae
agac,5497,0.002535985668935998,Helicobacter pylori
agac,4,1.8453597736481702e-06,Neisseria gonorrhoeae
gcc-,0,0.0,Helicobacter pylori
gcc-,9,4.152059490708383e-06,Neisseria gonorrhoeae
gctg,11410,0.005263888754331405,Helicobacter pylori
gctg,25,1.1533498585301064e-05,Neisseria gonorrhoeae
aagc,11056,0.005100574414363543,Helicobacter pylori
aagc,23,1.0610818698476978e-05,Neisseria gonorrhoeae
ga--,0,0.0,Helicobacter pylori
ga--,8,3.6907195472963404e-06,Neisseria gonorrhoeae
ttaa,6150,0.0028372406519840618,Helicobacter pylori
ttaa,6,2.768039660472255e-06,Neisseria gonorrhoeae
ctcc,3389,0.0015634810682234122,Helicobacter pylori
ctcc,6,2.768039660472255e-06,Neisseria gonorrhoeae
--ac,0,0.0,Helicobacter pylori
--ac,12,5.53607932094451e-06,Neisseria gonorrhoeae
atat,8338,0.0038466524481696107,Helicobacter pylori
atat,12,5.53607932094451e-06,Neisseria gonorrhoeae
gtgc,7782,0.003590147439632515,Helicobacter pylori
gtgc,11,5.074739377532468e-06,Neisseria gonorrhoeae
acgt,4632,0.002136926617884581,Helicobacter pylori
acgt,5,2.3066997170602126e-06,Neisseria gonorrhoeae
-gcc,0,0.0,Helicobacter pylori
-gcc,2,9.226798868240851e-07,Neisseria gonorrhoeae
agag,2610,0.001204097252305431,Helicobacter pylori
agag,0,0.0,Neisseria gonorrhoeae
acct,5202,0.0023998903856294455,Helicobacter pylori
acct,12,5.53607932094451e-06,Neisseria gonorrhoeae
-cgg,0,0.0,Helicobacter pylori
-cgg,4,1.8453597736481702e-06,Neisseria gonorrhoeae
cttc,10664,0.004919729156546021,Helicobacter pylori
cttc,25,1.1533498585301064e-05,Neisseria gonorrhoeae
catt,8780,0.004050564703157734,Helicobacter pylori
catt,12,5.53607932094451e-06,Neisseria gonorrhoeae
gttt,17383,0.008019472236331536,Helicobacter pylori
gttt,28,1.2917518415537192e-05,Neisseria gonorrhoeae
tgtt,10845,0.005003231686303601,Helicobacter pylori
tgtt,23,1.0610818698476978e-05,Neisseria gonorrhoeae
actg,5050,0.0023297667142308147,Helicobacter pylori
actg,13,5.997419264356553e-06,Neisseria gonorrhoeae
agaa,6729,0.0031043564792196344,Helicobacter pylori
agaa,10,4.613399434120425e-06,Neisseria gonorrhoeae
tcg-,0,0.0,Helicobacter pylori
tcg-,9,4.152059490708383e-06,Neisseria gonorrhoeae
ggcg,23301,0.010749682021444003,Helicobacter pylori
ggcg,29,1.3378858358949234e-05,Neisseria gonorrhoeae
tggc,9185,0.004237407380239611,Helicobacter pylori
tggc,20,9.22679886824085e-06,Neisseria gonorrhoeae
-agg,0,0.0,Helicobacter pylori
-agg,3,1.3840198302361275e-06,Neisseria gonorrhoeae
-acg,0,0.0,Helicobacter pylori
-acg,3,1.3840198302361275e-06,Neisseria gonorrhoeae
aagg,8844,0.004080090459536104,Helicobacter pylori
aagg,8,3.6907195472963404e-06,Neisseria gonorrhoeae
tcgc,9958,0.00459402315649712,Helicobacter pylori
tcgc,23,1.0610818698476978e-05,Neisseria gonorrhoeae
aggt,5528,0.0025502872071817713,Helicobacter pylori
aggt,5,2.3066997170602126e-06,Neisseria gonorrhoeae
aag-,0,0.0,Helicobacter pylori
aag-,1,4.6133994341204254e-07,Neisseria gonorrhoeae
--aa,0,0.0,Helicobacter pylori
--aa,22,1.0149478755064935e-05,Neisseria gonorrhoeae
-ggg,0,0.0,Helicobacter pylori
-ggg,5,2.3066997170602126e-06,Neisseria gonorrhoeae
cact,3296,0.0015205764534860923,Helicobacter pylori
cact,6,2.768039660472255e-06,Neisseria gonorrhoeae
-cat,0,0.0,Helicobacter pylori
-cat,4,1.8453597736481702e-06,Neisseria gonorrhoeae
--ag,0,0.0,Helicobacter pylori
--ag,9,4.152059490708383e-06,Neisseria gonorrhoeae
ccgt,14068,0.0064901303239206145,Helicobacter pylori
ccgt,11,5.074739377532468e-06,Neisseria gonorrhoeae
ccct,5024,0.0023177718757021017,Helicobacter pylori
ccct,12,5.53607932094451e-06,Neisseria gonorrhoeae
ttag,1921,0.0008862340312945338,Helicobacter pylori
ttag,3,1.3840198302361275e-06,Neisseria gonorrhoeae
---t,0,0.0,Helicobacter pylori
---t,77,3.5523175642727276e-05,Neisseria gonorrhoeae
-aga,0,0.0,Helicobacter pylori
-aga,3,1.3840198302361275e-06,Neisseria gonorrhoeae
gt--,0,0.0,Helicobacter pylori
gt--,12,5.53607932094451e-06,Neisseria gonorrhoeae
atac,6793,0.003133882235598005,Helicobacter pylori
atac,11,5.074739377532468e-06,Neisseria gonorrhoeae
gcta,2486,0.0011468910993223378,Helicobacter pylori
gcta,18,8.304118981416766e-06,Neisseria gonorrhoeae
tgca,8199,0.003782526196035337,Helicobacter pylori
tgca,14,6.458759207768596e-06,Neisseria gonorrhoeae
tggg,6529,0.003012088490537226,Helicobacter pylori
tggg,12,5.53607932094451e-06,Neisseria gonorrhoeae
--gc,0,0.0,Helicobacter pylori
--gc,19,8.765458924828808e-06,Neisseria gonorrhoeae
gggc,10802,0.004983394068736884,Helicobacter pylori
gggc,18,8.304118981416766e-06,Neisseria gonorrhoeae
tac-,0,0.0,Helicobacter pylori
tac-,4,1.8453597736481702e-06,Neisseria gonorrhoeae
ggca,18280,0.008433294165572138,Helicobacter pylori
ggca,15,6.920099151180638e-06,Neisseria gonorrhoeae
--ta,0,0.0,Helicobacter pylori
--ta,12,5.53607932094451e-06,Neisseria gonorrhoeae
-gtt,0,0.0,Helicobacter pylori
-gtt,4,1.8453597736481702e-06,Neisseria gonorrhoeae
cat-,0,0.0,Helicobacter pylori
cat-,4,1.8453597736481702e-06,Neisseria gonorrhoeae
ccat,7468,0.003445286697401134,Helicobacter pylori
ccat,12,5.53607932094451e-06,Neisseria gonorrhoeae
-gga,0,0.0,Helicobacter pylori
-gga,1,4.6133994341204254e-07,Neisseria gonorrhoeae
agta,2835,0.0013078987395731406,Helicobacter pylori
agta,3,1.3840198302361275e-06,Neisseria gonorrhoeae
cccg,10321,0.004761489555955691,Helicobacter pylori
cccg,9,4.152059490708383e-06,Neisseria gonorrhoeae
ggta,7026,0.0032413744424130107,Helicobacter pylori
ggta,4,1.8453597736481702e-06,Neisseria gonorrhoeae
cgcc,22500,0.010380148726770956,Helicobacter pylori
cgcc,28,1.2917518415537192e-05,Neisseria gonorrhoeae
att-,0,0.0,Helicobacter pylori
att-,3,1.3840198302361275e-06,Neisseria gonorrhoeae
tgga,7545,0.003480809873043861,Helicobacter pylori
tgga,7,3.229379603884298e-06,Neisseria gonorrhoeae
--ct,0,0.0,Helicobacter pylori
--ct,29,1.3378858358949234e-05,Neisseria gonorrhoeae
atca,9038,0.004169590408558041,Helicobacter pylori
atca,16,7.381439094592681e-06,Neisseria gonorrhoeae
-ggc,0,0.0,Helicobacter pylori
-ggc,8,3.6907195472963404e-06,Neisseria gonorrhoeae
ccgg,11097,0.005119489352043436,Helicobacter pylori
ccgg,7,3.229379603884298e-06,Neisseria gonorrhoeae
gtga,3356,0.0015482568500908148,Helicobacter pylori
gtga,7,3.229379603884298e-06,Neisseria gonorrhoeae
tgta,4341,0.0020026766943516765,Helicobacter pylori
tgta,14,6.458759207768596e-06,Neisseria gonorrhoeae
cgag,5188,0.002393431626421677,Helicobacter pylori
cgag,3,1.3840198302361275e-06,Neisseria gonorrhoeae
tcgt,7373,0.0034014594027769896,Helicobacter pylori
tcgt,13,5.997419264356553e-06,Neisseria gonorrhoeae
-tca,0,0.0,Helicobacter pylori
-tca,1,4.6133994341204254e-07,Neisseria gonorrhoeae
taa-,0,0.0,Helicobacter pylori
taa-,2,9.226798868240851e-07,Neisseria gonorrhoeae
-tgg,0,0.0,Helicobacter pylori
-tgg,6,2.768039660472255e-06,Neisseria gonorrhoeae
ttat,7179,0.0033119594537550532,Helicobacter pylori
ttat,5,2.3066997170602126e-06,Neisseria gonorrhoeae
acag,6887,0.003177248190278737,Helicobacter pylori
acag,10,4.613399434120425e-06,Neisseria gonorrhoeae
tcgg,14552,0.006713418856532043,Helicobacter pylori
tcgg,34,1.5685558076009446e-05,Neisseria gonorrhoeae
-tcc,0,0.0,Helicobacter pylori
-tcc,1,4.6133994341204254e-07,Neisseria gonorrhoeae
aga-,0,0.0,Helicobacter pylori
aga-,1,4.6133994341204254e-07,Neisseria gonorrhoeae
cccc,5185,0.0023920476065914407,Helicobacter pylori
cccc,9,4.152059490708383e-06,Neisseria gonorrhoeae
ccag,4578,0.0021120142609403307,Helicobacter pylori
ccag,7,3.229379603884298e-06,Neisseria gonorrhoeae
tagg,2600,0.0011994838528713106,Helicobacter pylori
tagg,8,3.6907195472963404e-06,Neisseria gonorrhoeae
a---,0,0.0,Helicobacter pylori
a---,55,2.537369688766234e-05,Neisseria gonorrhoeae
ggag,3544,0.0016349887594522788,Helicobacter pylori
ggag,3,1.3840198302361275e-06,Neisseria gonorrhoeae
agc-,0,0.0,Helicobacter pylori
agc-,6,2.768039660472255e-06,Neisseria gonorrhoeae
ggt-,0,0.0,Helicobacter pylori
ggt-,6,2.768039660472255e-06,Neisseria gonorrhoeae
gccc,10397,0.004796551391655007,Helicobacter pylori
gccc,11,5.074739377532468e-06,Neisseria gonorrhoeae
--gt,0,0.0,Helicobacter pylori
--gt,16,7.381439094592681e-06,Neisseria gonorrhoeae
attt,16036,0.007398047332555514,Helicobacter pylori
attt,23,1.0610818698476978e-05,Neisseria gonorrhoeae
aaag,11909,0.005494097386094014,Helicobacter pylori
aaag,17,7.842779038004723e-06,Neisseria gonorrhoeae
ggtg,7046,0.0032506012412812516,Helicobacter pylori
ggtg,9,4.152059490708383e-06,Neisseria gonorrhoeae
acg-,0,0.0,Helicobacter pylori
acg-,6,2.768039660472255e-06,Neisseria gonorrhoeae
aaat,15920,0.0073445318991197175,Helicobacter pylori
aaat,19,8.765458924828808e-06,Neisseria gonorrhoeae
-cta,0,0.0,Helicobacter pylori
-cta,3,1.3840198302361275e-06,Neisseria gonorrhoeae
gta-,0,0.0,Helicobacter pylori
gta-,2,9.226798868240851e-07,Neisseria gonorrhoeae
caaa,19684,0.009081015446122645,Helicobacter pylori
caaa,37,1.7069577906245575e-05,Neisseria gonorrhoeae
gggg,5671,0.0026162588190896934,Helicobacter pylori
gggg,7,3.229379603884298e-06,Neisseria gonorrhoeae
cgta,6650,0.0030679106236900827,Helicobacter pylori
cgta,5,2.3066997170602126e-06,Neisseria gonorrhoeae
-gca,0,0.0,Helicobacter pylori
-gca,5,2.3066997170602126e-06,Neisseria gonorrhoeae
gtat,6940,0.003201699207279575,Helicobacter pylori
gtat,10,4.613399434120425e-06,Neisseria gonorrhoeae
agcc,9539,0.004400721720207474,Helicobacter pylori
agcc,17,7.842779038004723e-06,Neisseria gonorrhoeae
-cag,0,0.0,Helicobacter pylori
-cag,1,4.6133994341204254e-07,Neisseria gonorrhoeae
taac,3840,0.0017715453827022434,Helicobacter pylori
taac,9,4.152059490708383e-06,Neisseria gonorrhoeae
tc--,0,0.0,Helicobacter pylori
tc--,24,1.107215864188902e-05,Neisseria gonorrhoeae
tgt-,0,0.0,Helicobacter pylori
tgt-,1,4.6133994341204254e-07,Neisseria gonorrhoeae
cggc,25790,0.011897957140596577,Helicobacter pylori
cggc,29,1.3378858358949234e-05,Neisseria gonorrhoeae
gtt-,0,0.0,Helicobacter pylori
gtt-,6,2.768039660472255e-06,Neisseria gonorrhoeae
ag--,0,0.0,Helicobacter pylori
ag--,8,3.6907195472963404e-06,Neisseria gonorrhoeae
